<?xml version="1.0" encoding="UTF-8"?>
<project-private xmlns="http://www.netbeans.org/ns/project-private/1">
    <editor-bookmarks xmlns="http://www.netbeans.org/ns/editor-bookmarks/2" lastBookmarkId="0"/>
    <open-files xmlns="http://www.netbeans.org/ns/projectui-open-files/2">
        <group>
            <file>file:/home/frontend/Desktop/workplace/HTML-Tables-Challenge/public_html/images/table-challenge-01.png</file>
            <file>file:/home/frontend/Desktop/workplace/HTML-Tables-Challenge/public_html/images/table-challenge-02.png</file>
            <file>file:/home/frontend/Desktop/workplace/HTML-Tables-Challenge/public_html/challenge.html</file>
        </group>
    </open-files>
</project-private>
