<?xml version="1.0" encoding="UTF-8"?>
<project-private xmlns="http://www.netbeans.org/ns/project-private/1">
    <editor-bookmarks xmlns="http://www.netbeans.org/ns/editor-bookmarks/2" lastBookmarkId="0"/>
    <open-files xmlns="http://www.netbeans.org/ns/projectui-open-files/2">
        <group>
            <file>file:/Users/vladandzulovic/Desktop/Online%20Nastava/03%20HTML/05%20HTML%20Links/HTML-Links/public_html/link-to-project-page.html</file>
            <file>file:/Users/vladandzulovic/Desktop/Online%20Nastava/03%20HTML/05%20HTML%20Links/HTML-Links/public_html/mailto.html</file>
            <file>file:/Users/vladandzulovic/Desktop/Online%20Nastava/03%20HTML/05%20HTML%20Links/HTML-Links/public_html/link-to-different-page-regions.html</file>
            <file>file:/Users/vladandzulovic/Desktop/Online%20Nastava/03%20HTML/05%20HTML%20Links/HTML-Links/public_html/download.html</file>
            <file>file:/Users/vladandzulovic/Desktop/Online%20Nastava/03%20HTML/05%20HTML%20Links/HTML-Links/public_html/external-link.html</file>
        </group>
    </open-files>
</project-private>
