<?xml version="1.0" encoding="UTF-8"?>
<project-private xmlns="http://www.netbeans.org/ns/project-private/1">
    <editor-bookmarks xmlns="http://www.netbeans.org/ns/editor-bookmarks/2" lastBookmarkId="0"/>
    <open-files xmlns="http://www.netbeans.org/ns/projectui-open-files/2">
        <group>
            <file>file:/home/frontend/Downloads/HTML-Media1555590906/HTML-Media/public_html/contact/contact.html</file>
            <file>file:/home/frontend/Downloads/HTML-Media1555590906/HTML-Media/public_html/video.html</file>
            <file>file:/home/frontend/Downloads/HTML-Media1555590906/HTML-Media/public_html/audio.html</file>
            <file>file:/home/frontend/Downloads/HTML-Media1555590906/HTML-Media/public_html/embed.html</file>
            <file>file:/home/frontend/Downloads/HTML-Media1555590906/HTML-Media/public_html/images.html</file>
        </group>
    </open-files>
</project-private>
